{"type": "block", "layer": 0, "block": 0, "features": [{"geom": {"pts": [[-7.525867251875129, 1.8191693765891612, 0.0]], "r": 0.0}, "mtl": 0, "prop": ["配水塔", "100"], "lh": 16.84606356207997}, {"geom": {"pts": [[3.410033307908922, 2.505185278890043, 0.0]], "r": 0.0}, "mtl": 0, "prop": ["浄水施設", "100"], "lh": 16.84606356207997}, {"geom": {"pts": [[-10.18922310784377, -10.973009506895096, 0.0]], "r": 0.0}, "mtl": 0, "prop": ["配水塔階段室(転倒)", "75"], "lh": 12.634547671559977}, {"geom": {"pts": [[-0.4353976846499352, -29.877883036225672, 0.0]], "r": 0.0}, "mtl": 0, "prop": ["厚真川", "30"], "lh": 5.053819068623991}], "featureCount": 4}