{"type": "block", "layer": 1, "block": 0, "features": [{"geom": {"polygons": [[[[3.286023897962631, -0.13033467931279227], [3.286023897962631, 0.4213602635425652], [0.44134684869625573, 0.4213602635425652], [0.44134684869625573, 4.317705797713498], [6.492750753487863, 4.317705797713498], [6.492750753487863, 0.4213602635425652], [4.768704056867701, 0.4213602635425652], [4.768704056867701, -0.13033467931279227], [3.286023897962631, -0.13033467931279227]]]], "centroids": [[3.4858356544596347, 2.2949636734491063, 9.309935796678413]], "h": 1.3476850849663975}, "mtl": {"face": 0}}, {"geom": {"polygons": [[[[-7.521178878842899, 2.9506626208481306], [-7.499671669941121, 2.950475967291355], [-7.478170940018042, 2.94991606289268], [-7.4566831663788635, 2.948983076257832], [-7.435214822354197, 2.947677288535833], [-7.413772375208206, 2.9459990930006166], [-7.392362284674276, 2.9439489952601825], [-7.370991000653931, 2.941527612838271], [-7.349664961124979, 2.9387356753835276], [-7.328390590677175, 2.935574023832749], [-7.307174298211155, 2.9320436106200654], [-7.286022475474119, 2.9281454993631666], [-7.264941494340377, 2.923880864444935], [-7.243937705974607, 2.9192509903858563], [-7.223017436438889, 2.914257272157838], [-7.202186989621362, 2.908901213929031], [-7.1814526399146095, 2.903184429482246], [-7.160820634098364, 2.8971086408552202], [-7.140297187155753, 2.8906756784451995], [-7.119888482064085, 2.8838874801721994], [-7.099600667075434, 2.876746090956035], [-7.079439853833919, 2.8692536622979192], [-7.059412115911401, 2.8614124512345698], [-7.039523486715588, 2.853224819919772], [-7.019779957607364, 2.8446932349968614], [-7.000187476854814, 2.8358202666573686], [-6.980751946077052, 2.8266085876996505], [-6.9614792208717695, 2.8170609734243146], [-6.942375107049864, 2.807180299960709], [-6.923445359589476, 2.7969695438485465], [-6.904695681171679, 2.7864317812011477], [-6.886131720506988, 2.7755701864503224], [-6.86775906982508, 2.7643880318233762], [-6.849583263828868, 2.752888685878805], [-6.831609778230163, 2.741075612878759], [-6.813844027657822, 2.7289523715338655], [-6.796291363775025, 2.7165226139573084], [-6.778957074651726, 2.703790084828086], [-6.761846382463577, 2.6907586196128825], [-6.744964441400042, 2.6774321442523226], [-6.728316337455231, 2.663814673382839], [-6.711907085917596, 2.649910309186163], [-6.695741630114849, 2.635723240552544], [-6.6798248399496165, 2.621257741302676], [-6.664161510435135, 2.6065181692463244], [-6.648756360021723, 2.591508964718033], [-6.63361402976006, 2.5762346492173953], [-6.6187390814184734, 2.5606998242584957], [-6.604135995809424, 2.544909169801023], [-6.589809172371158, 2.5288674426813613], [-6.57576292707579, 2.5125794756712114], [-6.562001491174202, 2.496050175490337], [-6.548529010777648, 2.4792845217606065], [-6.535349544138325, 2.462287564914121], [-6.522467061858533, 2.4450644256702168], [-6.509885444798824, 2.4276202923160453], [-6.4976084830320415, 2.409960420079018], [-6.485639875006571, 2.392090129034882], [-6.473983226709596, 2.3740148026434373], [-6.462642049366002, 2.3557398860750234], [-6.451619759438415, 2.3372708848507795], [-6.440919677999601, 2.318613362750788], [-6.430545027803857, 2.299772940454329], [-6.420498934751301, 2.2807552935525983], [-6.410784424959265, 2.2615661513981844], [-6.401404425180656, 2.2422112945947843], [-6.392361760921267, 2.2226965539512893], [-6.383659156648952, 2.2030278082853014], [-6.37529923370177, 2.1832109829587742], [-6.3672845107063285, 2.1632520477862176], [-6.359617402113499, 2.143157015465694], [-6.352300217570828, 2.1229319396961746], [-6.345335161713356, 2.1025829133994454], [-6.338724332280926, 2.0821160667327727], [-6.3324697211641245, 2.0615375653108696], [-6.326573212730774, 2.0408536086369025], [-6.321036582779982, 2.0200704278015076], [-6.315861499797293, 1.999194283704616], [-6.311049522444417, 1.9782314653819988], [-6.306602100395963, 1.9571882879133558], [-6.3025205735027345, 1.9360710907488148], [-6.298806171373295, 1.9148862354078782], [-6.295460013164822, 1.8936401040150916], [-6.29248310653715, 1.8723390968943536], [-6.289876348280343, 1.8509896310000595], [-6.287640524105492, 1.829598138138956], [-6.285776307389596, 1.8081710624598992], [-6.284284259384748, 1.786714858884939], [-6.2831648300548935, 1.765235991226631], [-6.282418356402314, 1.743740930096153], [-6.28204506351357, 1.7222361508113935], [-6.28204506351357, 1.7007281319327001], [-6.282418356402314, 1.6792233526479492], [-6.2831648300548935, 1.6577282915174623], [-6.284284259384748, 1.6362494238591545], [-6.285776307389596, 1.614793220284203], [-6.287640524105492, 1.5933661446051461], [-6.289876348280343, 1.5719746517440427], [-6.29248310653715, 1.5506251858497484], [-6.295460013164822, 1.5293241787290104], [-6.298806171373295, 1.5080780473362154], [-6.3025205735027345, 1.4868931919952788], [-6.306602100395963, 1.4657759948307465], [-6.311049522444417, 1.4447328173620946], [-6.315861499797293, 1.4237699990394774], [-6.321036582779982, 1.402893854942586], [-6.326573212730774, 1.382110674107191], [-6.3324697211641245, 1.3614267174332326], [-6.338724332280926, 1.3408482160113209], [-6.345335161713356, 1.3203813693446567], [-6.352300217570828, 1.3000323430479188], [-6.359617402113499, 1.2798072672784082], [-6.3672845107063285, 1.259712234957876], [-6.37529923370177, 1.2397532997853191], [-6.383659156648952, 1.2199364744588008], [-6.392361760921267, 1.200267728792804], [-6.401404425180656, 1.1807529881493093], [-6.410784424959265, 1.1613981313459176], [-6.420498934751301, 1.1422089891914953], [-6.430545027803857, 1.1231913422897644], [-6.440919677999601, 1.1043509199933055], [-6.451619759438415, 1.085693397893314], [-6.462642049366002, 1.0672243966690702], [-6.473983226709596, 1.0489494801006563], [-6.485639875006571, 1.0308741537092116], [-6.4976084830320415, 1.0130038626650755], [-6.509885444798824, 0.9953439904280484], [-6.522467061858533, 0.9778998570738853], [-6.535349544138325, 0.9606767178299809], [-6.548529010777648, 0.9436797609834868], [-6.562001491174202, 0.9269141072537567], [-6.57576292707579, 0.9103848070728819], [-6.589809172371158, 0.8940968400627322], [-6.604135995809424, 0.8780551129430703], [-6.6187390814184734, 0.8622644584855976], [-6.63361402976006, 0.8467296335266984], [-6.648756360021723, 0.8314553180260603], [-6.664161510435135, 0.816446113497769], [-6.6798248399496165, 0.8017065414414261], [-6.695741630114849, 0.7872410421915491], [-6.711907085917596, 0.7730539735579304], [-6.728316337455231, 0.7591496093612543], [-6.744964441400042, 0.7455321384917797], [-6.761846382463577, 0.7322056631312194], [-6.778957074651726, 0.7191741979160162], [-6.796291363775025, 0.7064416687867852], [-6.813844027657822, 0.6940119112102281], [-6.831609778230163, 0.6818886698653348], [-6.849583263828868, 0.6700755968652888], [-6.86775906982508, 0.6585762509207261], [-6.886131720506988, 0.6473940962937711], [-6.904695681171679, 0.6365325015429458], [-6.923445359589476, 0.6259947388955469], [-6.942375107049864, 0.6157839827833845], [-6.9614792208717695, 0.6059033093197788], [-6.980751946077052, 0.596355695044443], [-7.000187476854814, 0.587144016086725], [-7.019779957607364, 0.578271047747232], [-7.039523486715588, 0.56973946282433], [-7.059412115911401, 0.5615518315095325], [-7.079439853833919, 0.5537106204461743], [-7.099600667075434, 0.5462181917880671], [-7.119888482064085, 0.5390768025718938], [-7.140297187155753, 0.5322886042989025], [-7.160820634098364, 0.5258556418888818], [-7.1814526399146095, 0.5197798532618558], [-7.202186989621362, 0.5140630688150709], [-7.223017436438889, 0.5087070105862639], [-7.243937705974607, 0.5037132923582374], [-7.264941494340377, 0.49908341829915887], [-7.286022475474119, 0.49481878338092683], [-7.307174298211155, 0.4909206721240366], [-7.328390590677175, 0.4873902589113446], [-7.349664961124979, 0.48422860736056605], [-7.370991000653931, 0.4814366699058223], [-7.392362284674276, 0.4790152874839197], [-7.413772375208206, 