{"type": "block", "layer": 0, "block": 0, "features": [{"geom": {"pts": [[-43.16666666671019, 40.08333333330392, 0.0]], "r": 0.0}, "mtl": 0, "prop": ["高丘側", "40"], "lh": 2.2715265576325545}, {"geom": {"pts": [[26.500000000017142, -41.416666666665115, 0.0]], "r": 0.0}, "mtl": 0, "prop": ["幌内側", "40"], "lh": 2.2715265576325545}], "featureCount": 2}